{
  "O_S_ATIVIDADES": [
{
"ID_PROGRAMACAO_ATIVIDADE": 1,
"ID_REGIONAL": 1,
"ID_SETOR": 1,
"TALHAO": "Talhao1",
"CICLO": 1,
"ID_MANEJO": 1,
"ID_ATIVIDADE": 1,
"ID_RESPONSAVEL": 1,
"DATA_PROGRAMADA": null,
"AREA_PROGRAMADA": 1,
"PRIORIDADE": 1,
"EXPERIMENTO": 1,
"MADEIRA_NO_TALHAO": 1,
"OBSERVACAO": "",
"DATA_INICIAL": "06/04/2020",
"DATA_FINAL": null,
"AREA_REALIZADA": 1
},
{
"ID_PROGRAMACAO_ATIVIDADE": 2,
"ID_REGIONAL": 2,
"ID_SETOR": 2,
"TALHAO": "Talhao2",
"CICLO": 2,
"ID_MANEJO": 2,
"ID_ATIVIDADE": 2,
"ID_RESPONSAVEL": 2,
"DATA_PROGRAMADA": null,
"AREA_PROGRAMADA": 2,
"PRIORIDADE": 2,
"EXPERIMENTO": 2,
"MADEIRA_NO_TALHAO": 2,
"OBSERVACAO": "",
"DATA_INICIAL": "06/04/2020",
"DATA_FINAL": null,
"AREA_REALIZADA": 2
},
    {
      "ID_PROGRAMACAO_ATIVIDADE": 3,
      "ID_REGIONAL": 3,
      "ID_SETOR": 3,
      "TALHAO": "Talhao3",
      "CICLO": 3,
      "ID_MANEJO": 3,
      "ID_ATIVIDADE": 3,
      "ID_RESPONSAVEL": 3,
      "DATA_PROGRAMADA": null,
      "AREA_PROGRAMADA": 3,
      "PRIORIDADE": 3,
      "EXPERIMENTO": 3,
      "MADEIRA_NO_TALHAO": 3,
      "OBSERVACAO": "",
      "DATA_INICIAL": "06/04/2020",
      "DATA_FINAL": null,
      "AREA_REALIZADA": 3
    }
]}